id,name,era,start_year,end_year,region,aliases
"akkad","Akkadian Empire","ancient","-2334","-2154","Mesopotamia",""
"sumer","Sumer","ancient","-4500","-1900","Mesopotamia",""
"ur-third-dynasty","Third Dynasty of Ur","ancient","-2112","-2004","Mesopotamia",""
"old-babylonian","Old Babylonian Empire","ancient","-1894","-1595","Mesopotamia",""
"assyrian-empire","Assyrian Empire","ancient","-2500","-609","Mesopotamia",""
"neo-babylonian","Neo-Babylonian Empire","ancient","-626","-539","Mesopotamia",""
"achaemenid","Achaemenid Empire","ancient","-550","-330","Persia",""
"seleucid","Seleucid Empire","ancient","-312","-63","Middle East",""
"parthian","Parthian Empire","ancient","-247","224","Persia",""
"sasanian","Sasanian Empire","ancient","224","651","Persia",""
"ptolemaic","Ptolemaic Kingdom","ancient","-305","-30","Egypt",""
"macedon","Kingdom of Macedon","ancient","-808","-168","Balkans",""
"roman-republic","Roman Republic","ancient","-509","-27","Mediterranean",""
"roman-empire","Roman Empire","ancient","-27","395","Mediterranean",""
"western-roman","Western Roman Empire","ancient","395","476","Europe",""
"eastern-roman","Eastern Roman Empire","medieval","395","1453","Eastern Mediterranean","Byzantine Empire"
"gaul","Gaul","ancient","-50","486","Western Europe",""
"carthage","Carthaginian Empire","ancient","-814","-146","North Africa",""
"kingdom-of-kush","Kingdom of Kush","ancient","-1070","350","Nile Valley",""
"aksum","Kingdom of Aksum","ancient","100","940","Horn of Africa",""
"ghaznavid","Ghaznavid Empire","medieval","977","1186","Central Asia",""
"seljuk","Great Seljuk Empire","medieval","1037","1194","Middle East",""
"khwarazmian","Khwarazmian Empire","medieval","1077","1231","Central Asia",""
"il-khanate","Ilkhanate","medieval","1256","1335","Persia",""
"timurid","Timurid Empire","medieval","1370","1507","Central Asia",""
"mongol","Mongol Empire","medieval","1206","1368","Eurasia",""
"golden-horde","Golden Horde","medieval","1242","1502","Eastern Europe",""
"chagatai","Chagatai Khanate","medieval","1225","1347","Central Asia",""
"kiev-rus","Kievan Rus","medieval","882","1240","Eastern Europe",""
"novgorod","Novgorod Republic","medieval","1136","1478","Eastern Europe",""
"grand-principality-moscow","Grand Duchy of Moscow","medieval","1283","1547","Eastern Europe",""
"holy-roman-empire","Holy Roman Empire","medieval","962","1806","Central Europe",""
"france-kingdom","Kingdom of France","medieval","987","1792","Western Europe",""
"england-kingdom","Kingdom of England","medieval","927","1707","British Isles",""
"scotland-kingdom","Kingdom of Scotland","medieval","843","1707","British Isles",""
"castile","Crown of Castile","medieval","1065","1715","Iberia",""
"aragon","Crown of Aragon","medieval","1164","1716","Iberia",""
"portugal-kingdom","Kingdom of Portugal","medieval","1139","1910","Iberia",""
"ottoman","Ottoman Empire","early-modern","1299","1922","Anatolia",""
"safavid","Safavid Iran","early-modern","1501","1736","Persia",""
"mughal","Mughal Empire","early-modern","1526","1857","South Asia",""
"maratha","Maratha Confederacy","early-modern","1674","1818","South Asia",""
"qing","Qing Empire","early-modern","1636","1912","East Asia",""
"ming","Ming dynasty","early-modern","1368","1644","East Asia",""
"yuan","Yuan dynasty","medieval","1271","1368","East Asia",""
"lialiao","Liao dynasty","medieval","916","1125","East Asia",""
"jurchen-jin","Jin dynasty","medieval","1115","1234","East Asia",""
"joseon","Joseon","early-modern","1392","1897","Korea",""
"korean-empire","Korean Empire","modern","1897","1910","Korea",""
"tokugawa","Tokugawa shogunate","early-modern","1603","1868","Japan",""
"meiji-japan","Empire of Japan","modern","1868","1947","Japan",""
"aztec","Aztec Empire","early-modern","1428","1521","Mesoamerica",""
"inca","Inca Empire","early-modern","1438","1533","Andes",""
"maya","Maya civilization","ancient","-2000","1697","Mesoamerica",""
"toltec","Toltec civilization","ancient","900","1150","Mesoamerica",""
"mali","Mali Empire","medieval","1235","1645","West Africa",""
"songhai","Songhai Empire","medieval","1464","1591","West Africa",""
"ghana-empire","Ghana Empire","medieval","300","1200","West Africa",""
"kanem-bornu","Kanem-Bornu Empire","medieval","700","1893","Central Africa",""
"ethiopian-empire","Ethiopian Empire","medieval","1270","1974","Horn of Africa",""
"benin-kingdom","Kingdom of Benin","medieval","1180","1897","West Africa",""
"ashanti","Ashanti Empire","early-modern","1701","1957","West Africa",""
"kongo","Kingdom of Kongo","early-modern","1390","1914","Central Africa",""
"great-zimbabwe","Kingdom of Zimbabwe","medieval","1100","1450","Southern Africa",""
"mutapa","Kingdom of Mutapa","early-modern","1430","1760","Southern Africa",""
"swahili-city-states","Swahili city-states","medieval","700","1700","East Africa",""
"kilwa","Kilwa Sultanate","medieval","957","1513","East Africa",""
"khmer-empire","Khmer Empire","medieval","802","1431","Southeast Asia",""
"srivijaya","Srivijaya","medieval","650","1377","Southeast Asia",""
"majapahit","Majapahit Empire","medieval","1293","1527","Southeast Asia",""
"pagan-kingdom","Pagan Kingdom","medieval","849","1297","Southeast Asia",""
"ayutthaya","Ayutthaya Kingdom","early-modern","1351","1767","Southeast Asia",""
"dai-viet","Đại Việt","medieval","1054","1804","Vietnam",""
"polish-lithuanian","Polish-Lithuanian Commonwealth","early-modern","1569","1795","Eastern Europe",""
"poland-second","Second Polish Republic","modern","1918","1939","Eastern Europe",""
"austro-hungarian","Austria-Hungary","modern","1867","1918","Central Europe",""
"austrian-empire","Austrian Empire","early-modern","1804","1867","Central Europe",""
"prussia","Kingdom of Prussia","early-modern","1701","1918","Central Europe",""
"german-empire","German Empire","modern","1871","1918","Central Europe",""
"weimar","Weimar Republic","modern","1919","1933","Central Europe",""
"francois-first-empire","First French Empire","early-modern","1804","1815","Western Europe",""
"napoleonic-kingdom-italy","Napoleonic Kingdom of Italy","early-modern","1805","1814","Italy",""
"spanish-empire","Spanish Empire","early-modern","1492","1976","Iberia and Americas",""
"portuguese-empire","Portuguese Empire","early-modern","1415","1999","Global",""
"dutch-empire","Dutch Empire","early-modern","1581","1975","Global",""
"british-empire","British Empire","early-modern","1583","1997","Global",""
"french-colonial-empire","French colonial empire","early-modern","1534","1980","Global",""
"belgian-colonial-empire","Belgian colonial empire","modern","1885","1962","Central Africa",""
"italian-empire","Italian Empire","modern","1885","1943","Africa",""
"german-colonial-empire","German colonial empire","modern","1884","1919","Global",""
"russian-empire","Russian Empire","early-modern","1721","1917","Eurasia",""
"soviet-union","Soviet Union","modern","1922","1991","Eurasia","USSR"
"russian-sfsr","Russian SFSR","modern","1917","1991","Eurasia",""
"yugoslavia-kingdom","Kingdom of Yugoslavia","modern","1918","1941","Balkans",""
"yugoslavia-socialist","Socialist Federal Republic of Yugoslavia","modern","1945","1992","Balkans",""
"czechoslovakia-first","First Czechoslovak Republic","modern","1918","1938","Central Europe",""
"czechoslovakia-second","Second Czechoslovak Republic","modern","1938","1939","Central Europe",""
"czechoslovakia-socialist","Czechoslovak Socialist Republic","modern","1960","1990","Central Europe",""
"ottoman-beylik","Ottoman Beylik","medieval","1299","1453","Anatolia",""
"kingdom-of-greece","Kingdom of Greece","modern","1832","1924","Balkans",""
"greek-republic","Second Hellenic Republic","modern","1924","1935","Balkans",""
"mexican-empire","First Mexican Empire","modern","1821","1823","Mesoamerica",""
"second-mexican-empire","Second Mexican Empire","modern","1864","1867","Mesoamerica",""
"gran-colombia","Gran Colombia","modern","1819","1831","South America",""
"viceroyalty-new-spain","Viceroyalty of New Spain","early-modern","1535","1821","Americas",""
"viceroyalty-peru","Viceroyalty of Peru","early-modern","1542","1824","South America",""
"viceroyalty-rio-plata","Viceroyalty of the Río de la Plata","early-modern","1776","1814","South America",""
"united-provinces-rio","United Provinces of the Río de la Plata","modern","1810","1831","South America",""
"empire-brazil","Empire of Brazil","modern","1822","1889","South America",""
"kingdom-hawaii","Kingdom of Hawaii","modern","1795","1893","Pacific",""
"australian-commonwealth","Commonwealth of Australia","modern","1901","9999","Oceania",""
"manchu-state","Manchukuo","modern","1932","1945","East Asia",""
"republic-china","Republic of China","modern","1912","9999","East Asia",""
"korean-peoples-republic","Provisional People’s Committee of North Korea","modern","1946","1948","Korea",""
"free-france","Free France","modern","1940","1944","Europe",""
"vichy-france","French State","modern","1940","1944","Western Europe","Vichy France"
"italian-social-republic","Italian Social Republic","modern","1943","1945","Italy","Salò Republic"
"ukrainian-people-republic","Ukrainian People’s Republic","modern","1917","1921","Eastern Europe",""
"west-ukrainian","West Ukrainian People’s Republic","modern","1918","1919","Eastern Europe",""
"belarusian-democratic-republic","Belarusian Democratic Republic","modern","1918","1919","Eastern Europe",""
"georgian-democratic-republic","Democratic Republic of Georgia","modern","1918","1921","Caucasus",""
"armenia-first-republic","First Republic of Armenia","modern","1918","1920","Caucasus",""
"azerbaijan-democratic-republic","Azerbaijan Democratic Republic","modern","1918","1920","Caucasus",""
"tannu-tuva","Tuvan People’s Republic","modern","1921","1944","Central Asia",""
"mongolian-peoples-republic","Mongolian People’s Republic","modern","1924","1992","East Asia",""
"east-turkestan-republic","East Turkestan Republic","modern","1933","1934","Central Asia",""
"second-east-turkestan","Second East Turkestan Republic","modern","1944","1949","Central Asia",""
"arab-republic-egypt-syria","United Arab Republic","modern","1958","1971","Middle East",""
"united-arab-states","United Arab States","modern","1958","1961","Middle East",""
"united-arab-republic","United Arab Republic","modern","1958","1971","Middle East",""
"rhodesia","Rhodesia","modern","1965","1979","Southern Africa","Rhodesian Front"
"katanga","State of Katanga","modern","1960","1963","Central Africa",""
"biafra","Republic of Biafra","modern","1967","1970","West Africa",""
"somaliland-1991","Republic of Somaliland","modern","1991","9999","Horn of Africa",""
"transkei","Transkei","modern","1976","1994","Southern Africa",""
"bophuthatswana","Bophuthatswana","modern","1977","1994","Southern Africa",""
"venda","Venda","modern","1979","1994","Southern Africa",""
"ciskei","Ciskei","modern","1981","1994","Southern Africa",""
"elam","Elam","ancient","-2700","-539","Iran",""
"urartu","Kingdom of Urartu","ancient","-860","-590","Caucasus",""
"lydia","Kingdom of Lydia","ancient","-1200","-546","Anatolia",""
"phrygia","Phrygian Kingdom","ancient","-1200","-695","Anatolia",""
"cappadocia","Kingdom of Cappadocia","ancient","-331","-17","Anatolia",""
"pontus","Kingdom of Pontus","ancient","-281","-62","Anatolia",""
"bithynia","Kingdom of Bithynia","ancient","-297","-74","Anatolia",""
"pergamon","Kingdom of Pergamon","ancient","-282","-133","Anatolia",""
"nabatea","Nabataean Kingdom","ancient","-312","106","Arabia",""
"saba","Kingdom of Saba","ancient","-1200","275","Arabia",""
"himyar","Himyarite Kingdom","ancient","-110","525","Arabia",""
"maurya","Maurya Empire","ancient","-322","-185","South Asia",""
"shunga","Shunga Empire","ancient","-185","-73","South Asia",""
"satavahana","Satavahana dynasty","ancient","-230","220","South Asia",""
"kushan","Kushan Empire","ancient","30","375","Central Asia",""
"gupta","Gupta Empire","ancient","320","550","South Asia",""
"pallava","Pallava Kingdom","ancient","275","897","South Asia",""
"chola-ancient","Early Chola Kingdom","ancient","-300","300","South India",""
"qin","Qin dynasty","ancient","-221","-206","China",""
"han","Han dynasty","ancient","-206","220","China",""
"xin","Xin dynasty","ancient","9","23","China",""
"three-kingdoms","Three Kingdoms","ancient","220","280","China",""
"western-jin","Western Jin","ancient","266","316","China",""
"eastern-jin","Eastern Jin","ancient","317","420","China",""
"southern-northern-dynasties","Southern and Northern Dynasties","medieval","420","589","China",""
"sui","Sui dynasty","medieval","581","618","China",""
"tang","Tang dynasty","medieval","618","907","China",""
"five-dynasties","Five Dynasties and Ten Kingdoms","medieval","907","979","China",""
"song","Song dynasty","medieval","960","1279","China",""
"western-xia","Western Xia","medieval","1038","1227","China",""
"goguryeo","Goguryeo","ancient","-37","668","Korea",""
"baekje","Baekje","ancient","-18","660","Korea",""
"silla","Silla","ancient","-57","935","Korea",""
"goryeo","Goryeo","medieval","918","1392","Korea",""
"yayoi","Yayoi polity complex","ancient","-300","300","Japan",""
"yamato","Yamato polity","ancient","250","710","Japan",""
"asuka","Asuka period polity","ancient","538","710","Japan",""
"nara","Nara-period Japan","medieval","710","794","Japan",""
"heian","Heian-period Japan","medieval","794","1185","Japan",""
"kamakura","Kamakura shogunate","medieval","1185","1333","Japan",""
"ashikaga","Ashikaga shogunate","medieval","1336","1573","Japan",""
"azuchi-momoyama","Azuchi–Momoyama polity","early-modern","1568","1600","Japan",""
"anglo-saxon-heptarchy","Anglo-Saxon Heptarchy","medieval","500","927","Britain",""
"wessex","Kingdom of Wessex","medieval","519","927","Britain",""
"mercia","Kingdom of Mercia","medieval","527","918","Britain",""
"northumbria","Kingdom of Northumbria","medieval","654","954","Britain",""
"kingdom-ireland","Lordship of Ireland","medieval","1171","1542","Ireland",""
"kingdom-scotland","Kingdom of Scotland","medieval","843","1707","Scotland",""
"kingdom-england","Kingdom of England","medieval","927","1707","England",""
"great-britain","Kingdom of Great Britain","early-modern","1707","1801","Britain",""
"united-kingdom","United Kingdom of Great Britain and Ireland","modern","1801","1922","Britain",""
"visigoths","Visigothic Kingdom","medieval","418","721","Western Europe",""
"ostrogoths","Ostrogothic Kingdom","medieval","493","553","Italy",""
"lombards","Kingdom of the Lombards","medieval","568","774","Italy",""
"franks","Frankish Kingdom","medieval","481","843","Western Europe",""
"merovingian","Merovingian Kingdom","medieval","450","751","Western Europe",""
"carolingian","Carolingian Empire","medieval","800","888","Western Europe",""
"west-francia","West Francia","medieval","843","987","France",""
"middle-francia","Middle Francia","medieval","843","855","Western Europe",""
"east-francia","East Francia","medieval","843","962","Germany",""
"burgundy-kingdom","Kingdom of Burgundy","medieval","411","1378","Western Europe",""
"kingdom-navarre","Kingdom of Navarre","medieval","824","1620","Iberia",""
"crown-aragon","Crown of Aragon","medieval","1164","1716","Iberia",""
"kingdom-castile","Kingdom of Castile","medieval","1065","1230","Iberia",""
"kingdom-leon","Kingdom of León","medieval","910","1230","Iberia",""
"kingdom-portugal","Kingdom of Portugal","medieval","1139","1910","Portugal",""
"granada","Emirate of Granada","medieval","1230","1492","Iberia",""
"kyivan-rus","Kievan Rus","medieval","882","1240","Eastern Europe",""
"principality-vladimir","Grand Principality of Vladimir","medieval","1157","1389","Eastern Europe",""
"grand-duchy-lithuania","Grand Duchy of Lithuania","medieval","1236","1795","Eastern Europe",""
"teutonic-order-state","State of the Teutonic Order","medieval","1226","1525","Baltic",""
"livonian-confederation","Livonian Confederation","medieval","1228","1561","Baltic",""
"crimean-khanate","Crimean Khanate","medieval","1441","1783","Black Sea",""
"cossack-hetmanate","Cossack Hetmanate","early-modern","1648","1764","Eastern Europe",""
"free-city-krakow","Free City of Kraków","modern","1815","1846","Central Europe",""
"austria-hungary","Austria-Hungary","modern","1867","1918","Central Europe",""
"german-confederation","German Confederation","modern","1815","1866","Central Europe",""
"weimar-republic","Weimar Republic","modern","1919","1933","Germany",""
"free-city-danzig","Free City of Danzig","modern","1920","1939","Baltic",""
"republic-of-ruthenia","Carpatho-Ukraine","modern","1939","1939","Central Europe",""
"first-french-republic","First French Republic","modern","1792","1804","France",""
"first-empire","First French Empire","early-modern","1804","1815","France",""
"restoration-france","Bourbon Restoration","early-modern","1814","1830","France",""
"july-monarchy","July Monarchy","modern","1830","1848","France",""
"second-republic-france","Second French Republic","modern","1848","1852","France",""
"second-empire-france","Second French Empire","modern","1852","1870","France",""
"third-republic-france","French Third Republic","modern","1870","1940","France",""
"fourth-republic-france","French Fourth Republic","modern","1946","1958","France",""
"kingdom-italy","Kingdom of Italy","modern","1861","1946","Italy",""
"papal-states","Papal States","medieval","756","1870","Italy",""
"republic-venice","Republic of Venice","medieval","697","1797","Italy",""
"republic-genoa","Republic of Genoa","medieval","1005","1797","Italy",""
"kingdom-two-sicilies","Kingdom of the Two Sicilies","modern","1816","1861","Italy",""
"mamluk-sultanate","Mamluk Sultanate","medieval","1250","1517","Middle East",""
"ayyubid-sultanate","Ayyubid Sultanate","medieval","1171","1260","Middle East",""
"seljuk-rum","Sultanate of Rum","medieval","1077","1308","Anatolia",""
"latin-empire","Latin Empire","medieval","1204","1261","Balkans",""
"empire-nicaea","Empire of Nicaea","medieval","1204","1261","Anatolia",""
"empire-trebizond","Empire of Trebizond","medieval","1204","1461","Black Sea",""
"byzantine","Byzantine Empire","medieval","330","1453","Eastern Mediterranean","Eastern Roman Empire"
"afsharid","Afsharid Iran","early-modern","1736","1796","Iran",""
"zand","Zand dynasty","early-modern","1751","1794","Iran",""
"qajar","Qajar Iran","early-modern","1789","1925","Iran",""
"pahlavi","Pahlavi Iran","modern","1925","1979","Iran",""
"durrani","Durrani Empire","early-modern","1747","1823","Afghanistan",""
"barakzai","Emirate of Afghanistan","modern","1823","1926","Afghanistan",""
"ghurid","Ghurid Empire","medieval","879","1215","Central Asia",""
"shaybanid","Shaybanid Khanate","early-modern","1500","1599","Central Asia",""
"kokand","Khanate of Kokand","early-modern","1709","1876","Central Asia",""
"khiva","Khanate of Khiva","early-modern","1511","1920","Central Asia",""
"bukhara","Emirate of Bukhara","early-modern","1785","1920","Central Asia",""
"mali-empire","Mali Empire","medieval","1235","1645","West Africa",""
"sokoto","Sokoto Caliphate","early-modern","1804","1903","West Africa",""
"dahomey","Kingdom of Dahomey","early-modern","1600","1894","West Africa",""
"oyo","Oyo Empire","early-modern","1300","1896","West Africa",""
"benin","Kingdom of Benin","medieval","1180","1897","West Africa",""
"lunda","Lunda Kingdom","early-modern","1600","1887","Central Africa",""
"loango","Kingdom of Loango","early-modern","1600","1883","Central Africa",""
"zulu","Zulu Kingdom","modern","1816","1897","Southern Africa",""
"matabele","Ndebele Kingdom","modern","1820","1896","Southern Africa",""
"carolingian-empire","Carolingian Empire","medieval","800","888","Western Europe",""
"holy-roman","Holy Roman Empire","medieval","962","1806","Central Europe",""
"hanseatic-league","Hanseatic League","medieval","1159","1669","Northern Europe",""
"kalmar-union","Kalmar Union","medieval","1397","1523","Scandinavia",""
"denmark-norway","Denmark–Norway","early-modern","1536","1814","Scandinavia",""
"sweden-finland","Kingdom of Sweden with Finland","early-modern","1523","1809","Scandinavia",""
"russian-tsardom","Tsardom of Russia","early-modern","1547","1721","Russia",""
"provisional-government-russia","Russian Provisional Government","modern","1917","1917","Russia",""
"new-granada","Republic of New Granada","modern","1831","1858","South America",""
"granadine-confederation","Granadine Confederation","modern","1858","1863","South America",""
"united-states-colombia","United States of Colombia","modern","1863","1886","South America",""
"viceroyalty-new-granada","Viceroyalty of New Granada","early-modern","1717","1819","South America",""
"captaincy-general-venezuela","Captaincy General of Venezuela","early-modern","1777","1821","South America",""
"captaincy-general-guatemala","Captaincy General of Guatemala","early-modern","1609","1821","Central America",""
"first-mexican-empire","First Mexican Empire","modern","1821","1823","North America",""
"central-america-federation","Federal Republic of Central America","modern","1823","1841","Central America",""
"haitian-empire","First Empire of Haiti","modern","1804","1806","Caribbean",""
"haitian-kingdom","Kingdom of Haiti","modern","1811","1820","Caribbean",""
"dominican-restoration","Second Dominican Republic founding","modern","1865","1865","Caribbean",""
"confederate-states","Confederate States of America","modern","1861","1865","North America",""
"tarascan","Tarascan State","medieval","1300","1530","Mesoamerica",""
"maya-classic","Classic Maya polities","ancient","250","900","Mesoamerica",""
"teotihuacan","Teotihuacan polity","ancient","100","550","Mesoamerica",""
"mapuche-polities","Mapuche polities","early-modern","1500","1883","Southern South America",""
"tawantinsuyu","Tawantinsuyu","medieval","1438","1533","Andes","Inca Empire"
"maharajahit","Majapahit","medieval","1293","1527","Southeast Asia",""
"lan-xang","Lan Xang","early-modern","1353","1707","Laos",""
"nguyen-vietnam","Nguyễn dynasty Vietnam","early-modern","1802","1945","Vietnam",""
"brunei-sultanate","Brunei Sultanate","early-modern","1368","9999","Borneo",""
"sulu-sultanate","Sulu Sultanate","early-modern","1450","1915","Philippines",""
"sikh-empire","Sikh Empire","early-modern","1799","1849","South Asia",""
"hyderabad","Hyderabad State","modern","1724","1948","South Asia",""
"mysore","Kingdom of Mysore","early-modern","1399","1947","South Asia",""
"awadh","Kingdom of Awadh","early-modern","1722","1858","South Asia",""
"kingdom-egypt","Kingdom of Egypt","modern","1922","1953","Egypt",""
"sultanate-egypt","Sultanate of Egypt","early-modern","1914","1922","Egypt",""
"libya-kingdom","Kingdom of Libya","modern","1951","1969","North Africa",""
"tunisian-regency","Beylik of Tunis","early-modern","1574","1881","North Africa",""
"algerian-regency","Regency of Algiers","early-modern","1516","1830","North Africa",""
"morocco-sultanate","Sultanate of Morocco","early-modern","1660","1957","North Africa",""
"mandate-palestine","Mandate for Palestine","modern","1920","1948","Levant",""
"transjordan-emirate","Emirate of Transjordan","modern","1921","1946","Levant",""
"lebanon-state","State of Greater Lebanon","modern","1920","1943","Levant",""
"syrian-kingdom","Arab Kingdom of Syria","modern","1920","1920","Levant",""
"kingdom-iraq","Kingdom of Iraq","modern","1921","1958","Mesopotamia",""
"first-republic-china","Republic of China government","modern","1912","1949","East Asia",""
"warlord-era-china","Chinese warlord governments","modern","1916","1928","China",""
"provisional-republic-korea","Provisional Government of the Republic of Korea","modern","1919","1948","Korea",""
"empire-korea","Korean Empire","modern","1897","1910","Korea",""
"westphalian-netherlands","Dutch Republic","early-modern","1581","1795","Netherlands",""
"batavian-republic","Batavian Republic","early-modern","1795","1806","Netherlands",""
"kingdom-holland","Kingdom of Holland","early-modern","1806","1810","Netherlands",""
"first-portuguese-republic","First Portuguese Republic","modern","1910","1926","Portugal",""
"portuguese-first-empire","Portuguese Empire","early-modern","1415","1999","Global",""
"italian-colonial-empire","Italian colonial empire","modern","1890","1943","Africa",""
"japanese-empire","Empire of Japan","modern","1868","1947","East Asia",""
"achaemenid-successors","Atropatene","ancient","-321","226","Iran",""
"armenian-kingdom","Kingdom of Armenia","ancient","-190","428","Caucasus",""
"sophene","Kingdom of Sophene","ancient","-260","-94","Caucasus",""
"commagene","Kingdom of Commagene","ancient","-163","72","Anatolia",""
"cilician-armenia","Armenian Kingdom of Cilicia","medieval","1080","1375","Anatolia",""
"osroene","Kingdom of Osroene","ancient","-132","244","Mesopotamia",""
"edessa","County of Edessa","medieval","1098","1144","Levant",""
"antioch","Principality of Antioch","medieval","1098","1268","Levant",""
"tripoli-crusader","County of Tripoli","medieval","1102","1289","Levant",""
"jerusalem-crusader","Kingdom of Jerusalem","medieval","1099","1291","Levant",""
"cyprus-kingdom","Kingdom of Cyprus","medieval","1192","1489","Eastern Mediterranean",""
"rustamid","Rustamid Imamate","medieval","777","909","North Africa",""
"idrisid","Idrisid dynasty","medieval","788","974","North Africa",""
"aghlabid","Aghlabid Emirate","medieval","800","909","North Africa",""
"fatimid","Fatimid Caliphate","medieval","909","1171","North Africa",""
"zengid","Zengid dynasty","medieval","1127","1250","Middle East",""
"artuqid","Artuqid dynasty","medieval","1102","1409","Anatolia",""
"karamanids","Karamanids","medieval","1250","1487","Anatolia",""
"danishmends","Danishmendids","medieval","1071","1178","Anatolia",""
"jalayirid","Jalayirid Sultanate","medieval","1335","1432","Mesopotamia",""
"kara-koyunlu","Kara Koyunlu","medieval","1374","1468","Iran","Black Sheep Turkmen"
"aq-qoyunlu","Aq Qoyunlu","medieval","1378","1501","Iran","White Sheep Turkmen"
"georgia-bagratid","Kingdom of Georgia","medieval","1008","1490","Caucasus",""
"bagratid-armenia","Bagratid Kingdom of Armenia","medieval","885","1045","Caucasus",""
"abkhazia","Kingdom of Abkhazia","medieval","778","1008","Caucasus",""
"shirvan","Shirvanshah state","medieval","861","1538","Caucasus",""
"khazar","Khazar Khaganate","medieval","650","969","Pontic steppe",""
"pecheneg","Pecheneg confederation","medieval","800","1091","Eastern Europe",""
"cumans","Cuman-Kipchak confederation","medieval","1050","1241","Eurasian steppe",""
"volga-bulgaria","Volga Bulgaria","medieval","700","1236","Eastern Europe",""
"first-bulgarian","First Bulgarian Empire","medieval","681","1018","Balkans",""
"second-bulgarian","Second Bulgarian Empire","medieval","1185","1396","Balkans",""
"serbian-medieval","Medieval Serbian state","medieval","780","1459","Balkans",""
"serbian-empire","Serbian Empire","medieval","1346","1371","Balkans",""
"bosnia-kingdom","Kingdom of Bosnia","medieval","1377","1463","Balkans",""
"croatia-medieval","Kingdom of Croatia","medieval","925","1102","Balkans",""
"hungary-kingdom","Kingdom of Hungary","medieval","1000","1918","Central Europe",""
"bohemia-kingdom","Kingdom of Bohemia","medieval","1198","1918","Central Europe",""
"moravia-great","Great Moravia","medieval","833","907","Central Europe",""
"denmark-kingdom","Kingdom of Denmark","medieval","800","9999","Scandinavia",""
"norway-kingdom","Kingdom of Norway","medieval","872","9999","Scandinavia",""
"sweden-kingdom","Kingdom of Sweden","medieval","970","9999","Scandinavia",""
"iceland-commonwealth","Icelandic Commonwealth","medieval","930","1262","North Atlantic",""
"tver-principality","Principality of Tver","medieval","1247","1485","Eastern Europe",""
"ryazan-principality","Principality of Ryazan","medieval","1129","1521","Eastern Europe",""
"galicia-volhynia","Kingdom of Galicia-Volhynia","medieval","1199","1349","Eastern Europe",""
"crimea-gothic","Principality of Theodoro","medieval","1100","1475","Crimea",""
"moldavia","Principality of Moldavia","medieval","1349","1859","Eastern Europe",""
"wallachia","Principality of Wallachia","medieval","1330","1859","Eastern Europe",""
"transylvania-principality","Principality of Transylvania","early-modern","1570","1711","Central Europe",""
"livonia-order","Livonian Order","medieval","1237","1561","Baltic",""
"teutonic-prussia","Duchy of Prussia","early-modern","1525","1701","Baltic",""
"courland","Duchy of Courland and Semigallia","early-modern","1561","1795","Baltic",""
"ragusa","Republic of Ragusa","medieval","1358","1808","Adriatic",""
"florence","Republic of Florence","medieval","1115","1532","Italy",""
"tuscany","Grand Duchy of Tuscany","early-modern","1569","1859","Italy",""
"savoy","Duchy of Savoy","medieval","1003","1416","Italy",""
"piedmont-sardinia","Kingdom of Sardinia","early-modern","1720","1861","Italy",""
"modena","Duchy of Modena and Reggio","early-modern","1452","1859","Italy",""
"parma","Duchy of Parma","early-modern","1545","1859","Italy",""
"mantua","Duchy of Mantua","early-modern","1328","1708","Italy",""
"milan","Duchy of Milan","early-modern","1395","1797","Italy",""
"naples-kingdom","Kingdom of Naples","medieval","1282","1816","Italy",""
"sicily-kingdom","Kingdom of Sicily","medieval","1130","1816","Italy",""
"swiss-confederacy","Old Swiss Confederacy","medieval","1291","1798","Central Europe",""
"netherlands-kingdom","Kingdom of the Netherlands","modern","1815","9999","Western Europe",""
"belgium-kingdom","Kingdom of Belgium","modern","1830","9999","Western Europe",""
"luxembourg-grand","Grand Duchy of Luxembourg","modern","1815","9999","Western Europe",""
"spain-kingdom","Kingdom of Spain","early-modern","1479","9999","Iberia",""
"andalus","Umayyad Emirate of Córdoba","medieval","756","929","Iberia",""
"caliphate-cordoba","Caliphate of Córdoba","medieval","929","1031","Iberia",""
"taifa-seville","Abbadid Taifa of Seville","medieval","1023","1091","Iberia",""
"almoravid","Almoravid dynasty","medieval","1040","1147","North Africa and Iberia",""
"almohad","Almohad Caliphate","medieval","1121","1269","North Africa and Iberia",""
"marinid","Marinid Sultanate","medieval","1244","1465","North Africa",""
"saadi","Saadi Sultanate","early-modern","1549","1659","Morocco",""
"alaouite","Alaouite Sultanate","early-modern","1631","1912","Morocco",""
"hafsid","Hafsid Sultanate","medieval","1229","1574","North Africa",""
"zayyanid","Zayyanid Kingdom","medieval","1235","1556","North Africa",""
"mamluk-bahri","Bahri Mamluk Sultanate","medieval","1250","1382","Egypt",""
"mamluk-burji","Burji Mamluk Sultanate","medieval","1382","1517","Egypt",""
"tulunid","Tulunid Emirate","medieval","868","905","Egypt",""
"ikhshidid","Ikhshidid dynasty","medieval","935","969","Egypt",""
"hamdanid","Hamdanid Emirate","medieval","890","1004","Mesopotamia",""
"buyid","Buyid dynasty","medieval","934","1062","Iran and Iraq",""
"samanid","Samanid Empire","medieval","819","999","Central Asia",""
"saffarid","Saffarid dynasty","medieval","861","1003","Iran",""
"tahirid","Tahirid dynasty","medieval","821","873","Iran and Central Asia",""
"delhi-mamluk","Mamluk dynasty of Delhi","medieval","1206","1290","India",""
"khilji","Khalji dynasty","medieval","1290","1320","India",""
"tughlaq","Tughlaq dynasty","medieval","1320","1414","India",""
"sayyid-delhi","Sayyid dynasty","medieval","1414","1451","India",""
"lodi","Lodi dynasty","medieval","1451","1526","India",""
"bengal-sultanate","Bengal Sultanate","medieval","1352","1576","South Asia",""
"bahmani","Bahmani Sultanate","medieval","1347","1527","South Asia",""
"vijayanagara","Vijayanagara Empire","medieval","1336","1646","South India",""
"ahom","Ahom Kingdom","medieval","1228","1826","Northeast India",""
"mewar","Kingdom of Mewar","medieval","734","1949","India",""
"marwar","Kingdom of Marwar","medieval","1226","1949","India",""
"travancore","Kingdom of Travancore","early-modern","1729","1949","South India",""
"cochin","Kingdom of Cochin","medieval","1102","1949","South India",""
"nepal-kingdom","Kingdom of Nepal","modern","1768","2008","Himalayas",""
"bhutan-kingdom","Kingdom of Bhutan","modern","1907","9999","Himalayas",""
"tibet-ganden","Ganden Phodrang","early-modern","1642","1951","Tibet",""
"tibetan-empire","Tibetan Empire","medieval","618","842","Tibet",""
"khotan","Kingdom of Khotan","ancient","-56","1001","Central Asia",""
"turfan","Kingdom of Qocho","medieval","856","1284","Central Asia",""
"uyghur-khaganate","Uyghur Khaganate","medieval","744","840","Central Asia",""
"karluk","Karluk Yabghu State","medieval","756","940","Central Asia",""
"qara-khitai","Qara Khitai","medieval","1124","1218","Central Asia","Western Liao"
"kara-khanid","Kara-Khanid Khanate","medieval","840","1212","Central Asia",""
"moghulistan","Moghulistan","medieval","1347","1462","Central Asia",""
"kazakh-khanate","Kazakh Khanate","early-modern","1465","1847","Central Asia",""
"nogai-horde","Nogai Horde","early-modern","1440","1634","Eurasian steppe",""
"astrakhan-khanate","Astrakhan Khanate","early-modern","1466","1556","Eurasian steppe",""
"kazan-khanate","Kazan Khanate","early-modern","1438","1552","Eurasian steppe",""
"sibir-khanate","Sibir Khanate","early-modern","1490","1598","Siberia",""
"kalmyk-khanate","Kalmyk Khanate","early-modern","1630","1771","Eurasian steppe",""
"dzungar-khanate","Dzungar Khanate","early-modern","1634","1755","Central Asia",""
"northern-yuan","Northern Yuan","early-modern","1368","1635","Mongolia",""
"dali","Kingdom of Dali","medieval","937","1253","Yunnan",""
"nanzhao","Nanzhao","medieval","738","902","Yunnan",""
"chenla","Chenla","medieval","550","802","Southeast Asia",""
"funan","Funan","ancient","1","550","Southeast Asia",""
"champa","Champa","medieval","192","1832","Vietnam",""
"dvaravati","Dvaravati","medieval","600","1100","Mainland Southeast Asia",""
"pyu-city-states","Pyu city-states","ancient","200","900","Myanmar",""
"thaton","Thaton Kingdom","medieval","900","1057","Myanmar",""
"taungoo","Toungoo dynasty","early-modern","1510","1752","Myanmar",""
"konbaung","Konbaung dynasty","early-modern","1752","1885","Myanmar",""
"lan-na","Lan Na","medieval","1296","1775","Thailand",""
"sukhothai","Sukhothai Kingdom","medieval","1238","1438","Thailand",""
"thailand-rattanakosin","Rattanakosin Kingdom","modern","1782","1932","Thailand",""
"malacca-sultanate","Malacca Sultanate","early-modern","1400","1511","Malay Peninsula",""
"aceh-sultanate","Aceh Sultanate","early-modern","1496","1903","Sumatra",""
"demak","Demak Sultanate","early-modern","1475","1554","Java",""
"mataram-sultanate","Mataram Sultanate","early-modern","1587","1755","Java",""
"sultanate-banten","Banten Sultanate","early-modern","1526","1813","Java",""
"makassar","Gowa Sultanate","early-modern","1300","1906","Sulawesi",""
"ternate","Sultanate of Ternate","early-modern","1257","1914","Maluku",""
"tidore","Sultanate of Tidore","early-modern","1100","1900","Maluku",""
"kotte","Kingdom of Kotte","early-modern","1412","1597","Sri Lanka",""
"kandy","Kingdom of Kandy","early-modern","1469","1815","Sri Lanka",""
"anuradhapura","Anuradhapura Kingdom","ancient","-377","1017","Sri Lanka",""
"polonnaruwa","Polonnaruwa Kingdom","medieval","1056","1232","Sri Lanka",""
"ryukyu","Ryukyu Kingdom","early-modern","1429","1879","Ryukyu",""
"balhae","Balhae","medieval","698","926","Korea and Manchuria",""
"later-jin","Later Jin","medieval","1616","1636","Manchuria",""
"eastern-wu","Eastern Wu","ancient","229","280","China",""
"shu-han","Shu Han","ancient","221","263","China",""
"cao-wei","Cao Wei","ancient","220","266","China",""
"southern-song","Southern Song","medieval","1127","1279","China",""
"northern-song","Northern Song","medieval","960","1127","China",""
"kashmir-karkota","Karkota dynasty","medieval","625","855","Kashmir",""
"pala","Pala Empire","medieval","750","1161","South Asia",""
"rashtrakuta","Rashtrakuta Empire","medieval","753","982","South India",""
"pratihara","Gurjara-Pratihara Empire","medieval","730","1036","North India",""
"chalukya-western","Western Chalukya Empire","medieval","973","1189","South India",""
"chalukya-eastern","Eastern Chalukyas","medieval","624","1189","South India",""
"hoysala","Hoysala Empire","medieval","1026","1343","South India",""
"kakatiya","Kakatiya dynasty","medieval","1163","1323","South India",""
"yadava-devagiri","Seuna Yadava dynasty","medieval","850","1317","South India",""
"paramara","Paramara dynasty","medieval","800","1305","India",""
"solanki","Chaulukya dynasty","medieval","940","1244","India",""
"sena","Sena dynasty","medieval","1070","1230","Bengal",""
"kamarupa","Kamarupa","ancient","350","1140","Northeast India",""
"kashmir-sultanate","Sultanate of Kashmir","medieval","1339","1586","Kashmir",""
"malwa-sultanate","Malwa Sultanate","medieval","1392","1562","India",""
"gujarat-sultanate","Gujarat Sultanate","medieval","1407","1573","India",""
"jaunpur-sultanate","Jaunpur Sultanate","medieval","1394","1479","India",""
"madurai-sultanate","Madurai Sultanate","medieval","1335","1378","South India",""
"bengal-nawab","Nawab of Bengal","early-modern","1717","1757","Bengal",""
"carnatic","Nawab of the Carnatic","early-modern","1692","1801","South India",""
"sindh-talpur","Talpur dynasty of Sindh","early-modern","1783","1843","South Asia",""
"kashmir-dogra","Dogra dynasty of Jammu and Kashmir","modern","1846","1952","Kashmir",""
"manipur-kingdom","Kingdom of Manipur","medieval","1110","1950","Northeast India",""
"tripura-kingdom","Kingdom of Tripura","medieval","590","1949","Northeast India",""
"ethiopia-solomonic","Solomonic Empire","medieval","1270","1974","Ethiopia",""
"zagwe","Zagwe dynasty","medieval","1137","1270","Ethiopia",""
"adalisultanate","Adal Sultanate","medieval","1415","1577","Horn of Africa",""
"ifat","Ifat Sultanate","medieval","1285","1415","Horn of Africa",""
"ajuran","Ajuran Sultanate","medieval","1300","1700","Horn of Africa",""
"warsangali","Warsangali Sultanate","medieval","1298","1884","Horn of Africa",""
"rozvi","Rozvi Empire","early-modern","1684","1834","Southern Africa",""
"ndebele","Ndebele Kingdom","modern","1820","1896","Southern Africa",""
"lesotho","Basutoland Kingdom","modern","1822","9999","Southern Africa",""
"swazi","Swazi Kingdom","modern","1745","9999","Southern Africa",""
"rwanda-kingdom","Kingdom of Rwanda","medieval","1600","1962","East Africa",""
"burundi-kingdom","Kingdom of Burundi","medieval","1600","1966","East Africa",""
"madagascar-merina","Merina Kingdom","early-modern","1787","1897","Madagascar",""
"zanzibar","Sultanate of Zanzibar","early-modern","1856","1964","East Africa",""
"oman-imamate","Ibadi Imamate of Oman","medieval","751","1154","Arabia",""
"nabhani","Nabhani dynasty of Oman","medieval","1154","1624","Arabia",""
"yaruba","Yaruba dynasty","early-modern","1624","1744","Oman",""
"al-said","Al Said Sultanate of Oman","early-modern","1744","9999","Oman",""
"hijaz-hashimite","Kingdom of Hejaz","modern","1916","1925","Arabia",""
"nejd-sultanate","Sultanate of Nejd","modern","1921","1926","Arabia",""
"saudi-third","Kingdom of Saudi Arabia","modern","1932","9999","Arabia",""
"yemen-mutawakkilite","Mutawakkilite Kingdom of Yemen","modern","1918","1962","Arabia",""
"kuwait-sheikhdom","Sheikhdom of Kuwait","modern","1756","1961","Arabia",""
"bahrain-sheikhdom","Sheikhdom of Bahrain","modern","1783","1971","Arabia",""
"trucial-states","Trucial States","modern","1820","1971","Arabia",""
"uae","United Arab Emirates","modern","1971","9999","Arabia",""
"israel","State of Israel","modern","1948","9999","Levant",""
"jordan","Hashemite Kingdom of Jordan","modern","1946","9999","Levant",""
"lebanon-republic","Lebanese Republic","modern","1943","9999","Levant",""
"syrian-republic","Syrian Republic","modern","1930","9999","Levant",""
"iraq-republic","Republic of Iraq","modern","1958","9999","Mesopotamia",""
"iran-islamic","Islamic Republic of Iran","modern","1979","9999","Iran",""
"turkey-republic","Republic of Turkey","modern","1923","9999","Anatolia",""
"afghanistan-republic","Republic of Afghanistan","modern","1973","1978","Afghanistan",""
"afghanistan-democratic","Democratic Republic of Afghanistan","modern","1978","1992","Afghanistan",""
"afghanistan-islamic","Islamic State of Afghanistan","modern","1992","2001","Afghanistan",""
"russia-federation","Russian Federation","modern","1991","9999","Eurasia",""
"ukraine-republic","Republic of Ukraine","modern","1991","9999","Eastern Europe",""
"belarus-republic","Republic of Belarus","modern","1991","9999","Eastern Europe",""
"georgia-republic","Georgia","modern","1991","9999","Caucasus",""
"armenia-republic","Republic of Armenia","modern","1991","9999","Caucasus",""
"azerbaijan-republic","Republic of Azerbaijan","modern","1991","9999","Caucasus",""
"estonia-republic","Republic of Estonia","modern","1918","9999","Baltic",""
"latvia-republic","Republic of Latvia","modern","1918","9999","Baltic",""
"lithuania-republic","Republic of Lithuania","modern","1918","9999","Baltic",""
"poland-republic","Republic of Poland","modern","1918","9999","Central Europe",""
"hungary-republic","Republic of Hungary","modern","1918","9999","Central Europe",""
"romania-kingdom","Kingdom of Romania","modern","1881","1947","Eastern Europe",""
"romania-republic","Socialist Republic of Romania","modern","1947","1989","Eastern Europe",""
"bulgaria-kingdom","Kingdom of Bulgaria","modern","1908","1946","Balkans",""
"bulgaria-peoples","People's Republic of Bulgaria","modern","1946","1990","Balkans",""
"albania-kingdom","Albanian Kingdom","modern","1928","1939","Balkans",""
"albania-peoples","People's Republic of Albania","modern","1946","1976","Balkans",""
"croatia-ndh","Independent State of Croatia","modern","1941","1945","Balkans",""
"slovakia-war","Slovak Republic 1939","modern","1939","1945","Central Europe",""
"protectorate-bohemia","Protectorate of Bohemia and Moravia","modern","1939","1945","Central Europe",""
"slovak-republic","Slovak Republic","modern","1993","9999","Central Europe",""
"czech-republic","Czech Republic","modern","1993","9999","Central Europe",""
"german-federal","Federal Republic of Germany","modern","1949","9999","Central Europe",""
"german-democratic","German Democratic Republic","modern","1949","1990","Central Europe",""
"yugoslavia-federal","Federal Republic of Yugoslavia","modern","1992","2003","Balkans",""
"serbia-montenegro","State Union of Serbia and Montenegro","modern","2003","2006","Balkans",""
"bosnia-republic","Republic of Bosnia and Herzegovina","modern","1992","9999","Balkans",""
"croatia-republic","Republic of Croatia","modern","1991","9999","Balkans",""
"slovenia-republic","Republic of Slovenia","modern","1991","9999","Balkans",""
"montenegro-republic","Republic of Montenegro","modern","2006","9999","Balkans",""
"kosovo-republic","Republic of Kosovo","modern","2008","9999","Balkans",""
"greece-republic","Hellenic Republic","modern","1974","9999","Balkans",""
"cyprus-republic","Republic of Cyprus","modern","1960","9999","Eastern Mediterranean",""
"malta-republic","Republic of Malta","modern","1964","9999","Mediterranean",""
"ireland-republic","Irish Free State and Republic of Ireland","modern","1922","9999","British Isles",""
"iceland-republic","Republic of Iceland","modern","1944","9999","North Atlantic",""
"finland-grand-duchy","Grand Duchy of Finland","modern","1809","1917","Finland",""
"finland-republic","Republic of Finland","modern","1917","9999","Finland",""
"france-fifth","French Fifth Republic","modern","1958","9999","Western Europe",""
"spain-second-republic","Second Spanish Republic","modern","1931","1939","Iberia",""
"spain-franco","Spanish State under Franco","modern","1939","1978","Iberia",""
"austria-republic","Republic of Austria","modern","1918","9999","Central Europe",""
"switzerland-federal","Swiss Confederation","modern","1848","9999","Central Europe",""
"italian-republic","Italian Republic","modern","1946","9999","Italy",""
"vatican","Vatican City","modern","1929","9999","Italy",""
"san-marino","Republic of San Marino","medieval","301","9999","Italy",""
"monaco","Principality of Monaco","medieval","1297","9999","Western Europe",""
"andorra","Principality of Andorra","medieval","1278","9999","Pyrenees",""
"liechtenstein","Principality of Liechtenstein","early-modern","1719","9999","Central Europe",""
"united-states","United States","modern","1776","9999","North America","USA"
"confederation-canada","Dominion of Canada","modern","1867","9999","North America",""
"mexico-republic","United Mexican States","modern","1824","9999","North America","Mexico"
"haiti-republic","Republic of Haiti","modern","1806","9999","Caribbean",""
"dominican-republic","Dominican Republic","modern","1844","9999","Caribbean",""
"cuba-republic","Republic of Cuba","modern","1902","9999","Caribbean",""
"colombia-republic","Republic of Colombia","modern","1886","9999","South America",""
"venezuela-republic","United States of Venezuela / Venezuela","modern","1830","9999","South America",""
"ecuador-republic","Republic of Ecuador","modern","1830","9999","South America",""
"peru-republic","Republic of Peru","modern","1821","9999","South America",""
"bolivia-republic","Republic of Bolivia","modern","1825","9999","South America",""
"chile-republic","Republic of Chile","modern","1818","9999","South America",""
"argentina-confederation","Argentine Confederation","modern","1831","1861","South America",""
"argentina-republic","Argentine Republic","modern","1816","9999","South America",""
"paraguay-republic","Republic of Paraguay","modern","1811","9999","South America",""
"uruguay-republic","Oriental Republic of Uruguay","modern","1828","9999","South America",""
"brazil-republic","United States of Brazil / Federative Republic of Brazil","modern","1889","9999","South America",""
"guyana-republic","Co-operative Republic of Guyana","modern","1966","9999","South America",""
"suriname-republic","Republic of Suriname","modern","1975","9999","South America",""
"peru-bolivian-confed","Peru–Bolivian Confederation","modern","1836","1839","South America",""
"new-zealand-colony","Colony of New Zealand","modern","1841","1907","Oceania",""
"new-zealand-dominion","Dominion of New Zealand","modern","1907","1947","Oceania",""
"new-zealand","New Zealand","modern","1947","9999","Oceania",""
"hawaii-republic","Republic of Hawaii","modern","1894","1898","Pacific",""
"kingdom-tonga","Kingdom of Tonga","modern","1875","9999","Pacific",""
"kingdom-fiji","Kingdom of Fiji","modern","1871","1874","Pacific",""
"fiji-colony","Colony of Fiji","modern","1874","1970","Pacific",""
"fiji-republic","Republic of Fiji","modern","1987","9999","Pacific",""
"papua-new-guinea","Papua New Guinea","modern","1975","9999","Oceania",""
"indonesia-republic","Republic of Indonesia","modern","1945","9999","Southeast Asia",""
"malaysia-federation","Federation of Malaya / Malaysia","modern","1957","9999","Southeast Asia",""
"singapore-republic","Republic of Singapore","modern","1965","9999","Southeast Asia",""
"philippines-republic","Republic of the Philippines","modern","1946","9999","Southeast Asia",""
"vietnam-republic","Socialist Republic of Vietnam","modern","1976","9999","Southeast Asia",""
"north-vietnam","Democratic Republic of Vietnam","modern","1945","1976","Southeast Asia","North Vietnam"
"south-vietnam","Republic of Vietnam","modern","1955","1975","Southeast Asia","South Vietnam"
"laos-kingdom","Kingdom of Laos","modern","1949","1975","Southeast Asia",""
"laos-republic","Lao People's Democratic Republic","modern","1975","9999","Southeast Asia",""
"cambodia-kingdom","Kingdom of Cambodia","modern","1953","1970","Cambodia",""
"khmer-republic","Khmer Republic","modern","1970","1975","Cambodia",""
"democratic-kampuchea","Democratic Kampuchea","modern","1975","1979","Cambodia",""
"people-republic-kampuchea","People's Republic of Kampuchea","modern","1979","1989","Cambodia",""
"myanmar-republic","Union of Myanmar","modern","1989","9999","Southeast Asia",""
"malaya","Federation of Malaya","modern","1948","1963","Southeast Asia",""
"burma-colony","British Burma","modern","1886","1948","Southeast Asia",""
"thailand-modern","Kingdom of Thailand","modern","1932","9999","Southeast Asia",""
"japan-modern","State of Japan","modern","1947","9999","East Asia",""
"south-korea","Republic of Korea","modern","1948","9999","Korea",""
"north-korea","Democratic People's Republic of Korea","modern","1948","9999","Korea",""
"prc","People's Republic of China","modern","1949","9999","China",""
"mongolia-republic","Mongolia","modern","1992","9999","East Asia",""
"taiwan-government","Republic of China on Taiwan","modern","1949","9999","East Asia",""
"philippines-commonwealth","Commonwealth of the Philippines","modern","1935","1946","Southeast Asia",""
"manchukuo","Manchukuo","modern","1932","1945","Manchuria",""
"japan-korea","Korea under Japanese rule","modern","1910","1945","Korea",""
"tibet-autonomous","Tibetan government in Lhasa","modern","1912","1951","Tibet",""
"xinjiang-republic","East Turkestan Republic","modern","1944","1949","Xinjiang",""
